{
  "settings" : {
    "time" : "sweep",
    "photons" : 1000000000.0,
    "block size" : 100000.0,
    "length factor" : 5.0,
    "max events" : 255.0,
    "mode" : "all",
    "rouletting" : 0.0,
    "input file" : "LD_coastal_z25_hg.rws",
    "medium" : {
      "phase function" : "hg",
      "g" : 0.92400000000000004,
      "attenuation" : 0.39800000000000002,
      "albedo" : 0.55000000000000004,
      "index" : 1.3300000000000001
    },
    "surface" : {
      "depth" : null,
      "sigma" : 0.0,
      "index" : 1.0
    },
    "source" : {
      "type" : "gaussian",
      "full angle" : null,
      "divergence" : 10.0,
      "beam waist" : 10.0,
      "theta" : 0.0,
      "sigma" : 0.0,
      "phi" : 0.0
    },
    "receptor" : {
      "x" : 0.0,
      "y" : 0.0,
      "z" : 25.0,
      "x offset" : 0.0,
      "y offset" : 0.0,
      "aperture" : 10.0,
      "fov" : 180.0,
      "index" : 1.0,
      "theta" : 0.0,
      "sigma" : 0.0,
      "phi" : 0.0
    },
    "sweep" : [
      110.83333587646484,
      110.93333587646484,
      111.03333587646483,
      111.13333587646483,
      111.23333587646482,
      111.33333587646482,
      111.43333587646481,
      111.5333358764648,
      111.6333358764648,
      111.73333587646479,
      111.83333587646479,
      111.93333587646478,
      112.03333587646478,
      112.13333587646477,
      112.23333587646476,
      112.33333587646476,
      112.43333587646475,
      112.53333587646475,
      112.63333587646474,
      112.73333587646474,
      112.83333587646473,
      112.93333587646472,
      113.03333587646472,
      113.13333587646471,
      113.23333587646471,
      113.3333358764647,
      113.4333358764647,
      113.53333587646469,
      113.63333587646468,
      113.73333587646468,
      113.83333587646467
    ]
  },
  "results" : {
    "photons received" : [
      0,
      7810,
      10459,
      12590,
      14351,
      15888,
      17183,
      18280,
      19282,
      20185,
      21023,
      21758,
      22399,
      23040,
      23580,
      24050,
      24521,
      24930,
      25334,
      25702,
      26039,
      26361,
      26667,
      26951,
      27185,
      27422,
      27655,
      27874,
      28077,
      28283,
      28437
    ],
    "events threshold" : [
      28,
      28,
      28,
      28,
      28,
      28,
      28,
      28,
      28,
      28,
      28,
      28,
      28,
      28,
      28,
      28,
      28,
      28,
      28,
      28,
      28,
      28,
      28,
      28,
      28,
      28,
      28,
      28,
      28,
      28,
      28
    ],
    "stats" : {
      "weight" : {
        "sum" : [
          0.0,
          3474.2711547741201,
          3723.0459638779867,
          3844.5007060126372,
          3914.0035780951512,
          3968.5317106819857,
          4006.9604507489967,
          4033.4731855483806,
          4058.3209191785973,
          4077.4268205042354,
          4092.5176517201762,
          4107.2041403175044,
          4117.7044429168845,
          4128.3077121290653,
          4135.1153114108174,
          4142.387513024908,
          4149.2224372534893,
          4155.1079710899339,
          4160.1241441960919,
          4164.6185196272236,
          4169.4218622343942,
          4173.9633275017404,
          4177.2861752155295,
          4180.6625199359441,
          4183.1292260893752,
          4185.0959818258416,
          4187.4456864991853,
          4189.703751352482,
          4191.536731518011,
          4193.7234901987858,
          4194.9435191670736
        ],
        "square sum" : [
          0.0,
          2411.1087189368886,
          2462.019325373597,
          2479.7068150825471,
          2487.2670370164196,
          2493.1854967362947,
          2496.9082348754323,
          2499.0622226244377,
          2501.2443377378841,
          2502.6586806721693,
          2503.5998348176695,
          2504.660474892984,
          2505.243970853423,
          2505.939145896125,
          2506.2514659713011,
          2506.6719130798033,
          2507.0210962440701,
          2507.3953112367972,
          2507.6361699355548,
          2507.8116537915898,
          2508.1539889794758,
          2508.4097213799987,
          2508.5604541268085,
          2508.7339982451704,
          2508.879367359611,
          2508.9526809674626,
          2509.0780514959142,
          2509.1889044480849,
          2509.2611874385875,
          2509.3963741627203,
          2509.4327742381001
        ]
      },
      "theta" : {
        "sum" : [
          0.0,
          159.7318916040731,
          207.84690635591687,
          235.28479563319138,
          252.82515681398286,
          268.17329113699657,
          280.38168263215971,
          288.33498447642842,
          297.19419330878191,
          304.08075788207316,
          309.60019575234583,
          315.15168886581364,
          319.1909073177103,
          324.0108716964977,
          326.9316580693511,
          330.01984307961436,
          332.97646140648283,
          335.78016961792116,
          338.35087779762114,
          340.64525733545986,
          343.06545191782459,
          345.41312009353203,
          347.05121139516484,
          348.8247083933735,
          350.15029393843361,
          351.35106417450061,
          352.72866243969725,
          353.8726694326117,
          354.99376788700533,
          356.31912895336814,
          356.99076794281814
        ],
        "square sum" : [
          0.0,
          29.649277667649432,
          44.230662775784822,
          53.705618392918566,
          60.56396881122275,
          66.99218398200523,
          73.009203219365986,
          76.258710769791975,
          80.845255889105403,
          84.312713736027092,
          87.084500702377198,
          89.869126838150834,
          91.898848919727143,
          94.852741260307951,
          96.451106474959246,
          98.11209881017048,
          99.713473617563224,
          101.31201708417693,
          103.02486442006334,
          104.53127927146254,
          106.09854858756925,
          107.63840321110119,
          108.67495456792788,
          109.82116930300548,
          110.7443505872602,
          111.66844708858558,
          112.62780096854401,
          113.32368994148077,
          114.18715245977442,
          115.22002501313155,
          115.65734210350361
        ]
      },
      "tof" : {
        "sum" : [
          0.0,
          385110.51214116812,
          412718.13763666525,
          426209.23779086862,
          433936.58748434624,
          440004.45982221002,
          444284.76197583321,
          447240.43132420769,
          450012.98446409218,
          452146.79473880585,
          453833.68642295711,
          455476.8497949692,
          456652.68522919307,
          457841.14892458136,
          458604.84386682219,
          459421.36357284,
          460189.47141206765,
          460851.48324328207,
          461416.2343712108,
          461922.67296136951,
          462464.39121914783,
          462977.02799840819,
          463352.46451420349,
          463734.26050413033,
          464013.42921234097,
          464236.2387032042,
          464502.6410089815,
          464758.87769808958,
          464967.06855475006,
          465215.66520698776,
          465354.48801633331
        ],