{
  "settings" : {
    "time" : "sweep",
    "photons" : 1000000000.0,
    "block size" : 100000.0,
    "length factor" : 5.0,
    "max events" : 255.0,
    "mode" : "all",
    "rouletting" : 0.0,
    "input file" : "LD_clear_z40_hg.rws",
    "medium" : {
      "phase function" : "hg",
      "g" : 0.92400000000000004,
      "attenuation" : 0.151,
      "albedo" : 0.245,
      "index" : 1.3300000000000001
    },
    "surface" : {
      "depth" : null,
      "sigma" : 0.0,
      "index" : 1.0
    },
    "source" : {
      "type" : "gaussian",
      "full angle" : null,
      "divergence" : 10.0,
      "beam waist" : 10.0,
      "theta" : 0.0,
      "sigma" : 0.0,
      "phi" : 0.0
    },
    "receptor" : {
      "x" : 0.0,
      "y" : 0.0,
      "z" : 40.0,
      "x offset" : 0.0,
      "y offset" : 0.0,
      "aperture" : 10.0,
      "fov" : 180.0,
      "index" : 1.0,
      "theta" : 0.0,
      "sigma" : 0.0,
      "phi" : 0.0
    },
    "sweep" : [
      177.33334350585938,
      177.38334350585939,
      177.4333435058594,
      177.48334350585941,
      177.53334350585942,
      177.58334350585943,
      177.63334350585944,
      177.68334350585945,
      177.73334350585947,
      177.78334350585948,
      177.83334350585949,
      177.8833435058595,
      177.93334350585951,
      177.98334350585952,
      178.03334350585953,
      178.08334350585955,
      178.13334350585956,
      178.18334350585957,
      178.23334350585958,
      178.28334350585959,
      178.3333435058596
    ]
  },
  "results" : {
    "photons received" : [
      0,
      63145,
      71714,
      76194,
      79129,
      81218,
      82926,
      84393,
      85499,
      86555,
      87407,
      88124,
      88766,
      89373,
      89964,
      90479,
      90939,
      91337,
      91694,
      92061,
      92406
    ],
    "events threshold" : [
      10,
      10,
      10,
      10,
      10,
      10,
      10,
      10,
      10,
      10,
      10,
      10,
      10,
      10,
      10,
      10,
      10,
      10,
      10,
      10,
      10
    ],
    "stats" : {
      "weight" : {
        "sum" : [
          0.0,
          39428.776173929073,
          40294.792910107411,
          40607.450523567633,
          40758.2062854752,
          40837.296150369832,
          40886.56822224053,
          40922.676963275255,
          40943.664471667929,
          40962.020377424982,
          40976.908663152542,
          40987.474406469657,
          40995.337020727442,
          41001.358678628691,
          41007.549109134896,
          41012.374756451507,
          41016.067793918555,
          41018.905456718116,
          41021.325965983706,
          41023.502349280156,
          41025.338844243932
        ],
        "square sum" : [
          0.0,
          34833.841887901981,
          35004.551253736638,
          35061.12726069225,
          35086.831194110782,
          35098.651294305782,
          35105.38624109151,
          35110.132735064682,
          35112.461119252264,
          35114.623395205206,
          35116.322809826037,
          35117.682668083093,
          35118.392542883485,
          35118.78596946632,
          35119.34644943427,
          35119.833612593087,
          35120.022660359326,
          35120.205293582498,
          35120.327764971335,
          35120.402244174598,
          35120.462952449372
        ]
      },
      "theta" : {
        "sum" : [
          0.0,
          357.6409518790723,
          488.75217538635377,
          556.36802312684586,
          595.64496912223922,
          619.06281745683259,
          634.9120270491278,
          647.41676030266171,
          655.1553089262643,
          662.07697520512261,
          668.92935316378419,
          674.08265772098343,
          677.63677028474399,
          680.17054665902106,
          682.57128712317581,
          684.82880621786444,
          686.28798875377515,
          687.61950610123563,
          688.45699900198201,
          689.37260617544689,
          690.03252817012799
        ],
        "square sum" : [
          0.0,
          44.896107859486534,
          74.823325708687065,
          95.955650530231267,
          109.89621451998754,
          119.86340742172007,
          126.82732818052077,
          132.83750081605177,
          136.89848781051199,
          140.55289589295143,
          145.14509404902816,
          148.490852830834,
          150.98232485570418,
          152.72077132871607,
          154.05163891063046,
          155.6214068215981,
          156.41448498289884,
          157.38444955552382,
          157.90823905005334,
          158.47579213524762,
          158.77815501860061
        ]
      },
      "tof" : {
        "sum" : [
          0.0,
          6992115.3023904301,
          7145749.5700701289,
          7201232.1756540677,
          7227992.3530050078,
          7242035.3423771756,
          7250786.3997353865,
          7257201.3744724384,
          7260931.0430788035,
          7264193.9708861019,
          7266841.2187180007,
          7268720.4043964185,
          7270119.2220541732,
          7271190.8053489048,
          7272292.7337664533,
          7273151.958318118,
          7273809.7134165633,
          7274315.269240031,
          7274746.625133669,
          7275134.5834419187,
          7275462.0459048245
        ],
        "square sum" : [
          0.0,
          1239949114.2411485,
          1267204347.7331395,
          1277050004.486397,
          1281800118.7548473,
          1284293555.2069969,
          1285847802.925802,
          1286987468.8345482,
          1287650264.4250596,
          1288230279.2749794,
          1288700979.6138103,
          1289035204.9237144,
          1289284065.00752,
          1289474758.4655659,
          1289670907.3835528,
          1289823895.5288012,
          1289941046.1865823,
          1290031115.6241577,
          1290107987.0128706,
          1290177143.7878916,
          1290235533.0931871
        ]
      },
      "distance" : {
        "sum" : [
          0.0,
          1577168.7377898451,
          1611823.0821957809,
          1624337.9550447718,
          1630374.0849747602,
          1633541.6764087451,
          1635515.5990146748,
          1636962.5857247256,
          1637803.8643177247,
          1638539.8630355757,
          1639136.9865777274,
          1639560.8630246331,
          1639876.3857849941,
          1640118.0962914089,
          1640366.6515604891,
          1640560.4616014974,
          1640708.8274035011,
          1640822.8625467545,
          1640920.1608636566,
          1641007.6702528007,
          1641081.5339628195
        ],
        "square sum" : [
          0.0,
          63087458.640280157,
          64474179.63944824,
          64975117.523962207,
          65216798.931966901,
          65343662.66580192,
          65422741.347597659,
          65480726.491786346,
          65514448.916847438,
          65543959.534518845,
          65567908.3311074,
          65584913.404749647,
          65597575.174774617,
          65607277.481095016,
          65617257.356017858,
          65625041.251049981,
          65631001.76774773,
          65635584.417244107,
          65639495.5621714,
          65643014.194783598,
          65645984.988478363
        ]
      },