{
  "settings" : {
    "time" : "sweep",
    "photons" : 1000000000.0,
    "block size" : 100000.0,
    "length factor" : 5.0,
    "max events" : 255.0,
    "mode" : "all",
    "rouletting" : 0.0,
    "input file" : "LD_clear_z40_hg.rws",
    "medium" : {
      "phase function" : "hg",
      "g" : 0.92400000000000004,
      "attenuation" : 0.151,
      "albedo" : 0.245,
      "index" : 1.3300000000000001
    },
    "surface" : {
      "depth" : null,
      "sigma" : 0.0,
      "index" : 1.0
    },
    "source" : {
      "type" : "gaussian",
      "full angle" : null,
      "divergence" : 10.0,
      "beam waist" : 10.0,
      "theta" : 0.0,
      "sigma" : 0.0,
      "phi" : 0.0
    },
    "receptor" : {
      "x" : 0.0,
      "y" : 0.0,
      "z" : 40.0,
      "x offset" : 0.0,
      "y offset" : 0.0,
      "aperture" : 10.0,
      "fov" : 180.0,
      "index" : 1.0,
      "theta" : 0.0,
      "sigma" : 0.0,
      "phi" : 0.0
    },
    "sweep" : [
      177.33334350585938,
      177.38334350585939,
      177.4333435058594,
      177.48334350585941,
      177.53334350585942,
      177.58334350585943,
      177.63334350585944,
      177.68334350585945,
      177.73334350585947,
      177.78334350585948,
      177.83334350585949,
      177.8833435058595,
      177.93334350585951,
      177.98334350585952,
      178.03334350585953,
      178.08334350585955,
      178.13334350585956,
      178.18334350585957,
      178.23334350585958,
      178.28334350585959,
      178.3333435058596
    ]
  },
  "results" : {
    "photons received" : [
      0,
      63083,
      71463,
      75900,
      78957,
      81140,
      82775,
      84173,
      85303,
      86300,
      87155,
      87948,
      88573,
      89191,
      89721,
      90253,
      90743,
      91200,
      91590,
      91949,
      92334
    ],
    "events threshold" : [
      10,
      10,
      10,
      10,
      10,
      10,
      10,
      10,
      10,
      10,
      10,
      10,
      10,
      10,
      10,
      10,
      10,
      10,
      10,
      10,
      10
    ],
    "stats" : {
      "weight" : {
        "sum" : [
          0.0,
          39383.919940448017,
          40225.882999894922,
          40542.674995336085,
          40700.724020284099,
          40780.391663072631,
          40832.374087907476,
          40869.746407433209,
          40891.364664146604,
          40905.790108601279,
          40917.062791291122,
          40927.647137930362,
          40935.914762888839,
          40944.317453276708,
          40949.456098638955,
          40953.853218135235,
          40958.042139174431,
          40961.477670638022,
          40964.358383385275,
          40967.306776618061,
          40969.744233250764
        ],
        "square sum" : [
          0.0,
          34803.897232807023,
          34968.603247287327,
          35026.688476278869,
          35052.927000582182,
          35065.259170136087,
          35072.661892481592,
          35077.866263486059,
          35080.366827267113,
          35081.653172709346,
          35082.793158895576,
          35083.777729564252,
          35084.585954109301,
          35085.406129554038,
          35085.82280454359,
          35086.122058705318,
          35086.332861286508,
          35086.533996509934,
          35086.684353643846,
          35086.876424946189,
          35087.019611367497
        ]
      },
      "theta" : {
        "sum" : [
          0.0,
          357.21655355535216,
          483.96980236130196,
          552.5599121805966,
          593.52262959555958,
          617.34440941491562,
          634.13637974709604,
          647.38868900445391,
          655.45986404313498,
          661.29926009946121,
          665.73629462987446,
          670.29498119780624,
          674.45128756578083,
          678.10908947756366,
          680.46630911026978,
          682.30401519660199,
          683.97991611987982,
          685.67493743666682,
          686.91610864828681,
          688.28303657200604,
          689.46203177180678
        ],
        "square sum" : [
          0.0,
          44.349151125583035,
          72.582323420920829,
          94.524532752627351,
          109.47120377126107,
          119.10546942522194,
          126.56585784044444,
          132.99596383961244,
          137.48636596128995,
          141.24010497321973,
          143.64022404012019,
          146.43270486305096,
          149.44729990618691,
          151.74546014310988,
          153.35444598931133,
          154.46157366080047,
          155.44935850021716,
          156.6721790671948,
          157.43552808454223,
          158.34431523611266,
          159.20251108203934
        ]
      },
      "tof" : {
        "sum" : [
          0.0,
          6984161.0868081776,
          7133528.3849056466,
          7189744.5764536932,
          7217799.2142592352,
          7231944.6576887099,
          7241177.0690432368,
          7247816.4887920907,
          7251658.2623681882,
          7254222.5153985173,
          7256226.8745455667,
          7258109.38071841,
          7259580.2814172851,
          7261075.5913567925,
          7261990.3227816131,
          7262773.2663000654,
          7263519.3340497036,
          7264131.3879609108,
          7264644.7581024114,
          7265170.3285948783,
          7265604.9429380018
        ],
        "square sum" : [
          0.0,
          1238538617.8415525,
          1265036917.9782257,
          1275012738.8996036,
          1279992603.2691612,
          1282504207.2786498,
          1284143942.6385241,
          1285323475.9244957,
          1286006196.2984779,
          1286462015.4356804,
          1286818404.0360837,
          1287153222.0123425,
          1287414911.2981944,
          1287681010.8110266,
          1287843842.3605571,
          1287983251.9352036,
          1288116130.3277822,
          1288225170.2236404,
          1288316657.6180201,
          1288410344.0169024,
          1288487838.5769
        ]
      },
      "distance" : {
        "sum" : [
          0.0,
          1575374.5537567576,
          1609066.4238258812,
          1621746.7671707517,
          1628074.8806560098,
          1631265.5820287568,
          1633348.0807234072,
          1634845.6941265217,
          1635712.259551086,
          1636290.6624620252,
          1636742.7735262623,
          1637167.3989589461,
          1637499.1810548306,
          1637836.4689953048,
          1638042.7993828706,
          1638219.4031763081,
          1638387.6891284813,
          1638525.7463943774,
          1638641.5441664062,
          1638760.0938956193,
          1638858.1272017497
        ],
        "square sum" : [
          0.0,
          63015693.892266408,
          64363902.822737664,
          64871463.337963246,
          65124834.218170807,
          65252622.300938211,
          65336050.514760934,
          65396064.074240491,
          65430800.253378272,
          65453991.908275954,
          65472124.629821382,
          65489159.857913576,
          65502474.36612121,
          65516013.262574889,
          65524297.980824821,
          65531391.010697201,
          65538151.740100279,
          65543699.588824689,
          65548354.382717624,
          65553121.059797212,
          65557063.911148995
        ]
      },